model,question_rate,answer_reveal_rate,praise_rate,imperative_rate,first_plural_rate,hedge_rate,explanation_rate,diagnosis_rate,log_tokens
deepseek-v4-flash,1.5722479270635041,-0.12660503932247386,0.33463923654563144,0.03953497515221597,0.22493891971719301,0.09697143110483597,-0.07937208102103319,-0.3764794702156232,-0.9680365439963722
deepseek-v4-pro,1.678629513982579,-0.1117392454733823,0.09425098849432886,-0.06758014589549903,0.27793752201972266,0.171572540862038,-0.09604903868340213,-0.10067699064649215,-0.9215504549158978
doubao-seed-2.0-lite,1.7213160199745399,-0.08663560001595216,-0.3618458539469512,0.21128886448660614,-0.00555025277875803,0.06857634584093238,0.10742628613877435,-0.7436078390136667,-1.2470536447109908
doubao-seed-2.0-pro,1.6230850930400695,-0.005179233306397671,0.08989912278269395,0.375240244119207,-0.10243023722183364,0.0326959517615506,0.015360267647290675,-0.13019259150377072,-1.3515415328437765
glm-5.2,1.1521092376653086,-0.1466604961196681,0.0790851794941491,-0.028500434705737033,0.15967724944806264,0.08722498312812259,-0.20275448182481867,-0.16851742417476967,-0.8347455280234247
minimax-m2.7,1.9398717318438594,-0.09581040691448166,0.45170233909887075,0.1740632507450117,-0.01841285839029356,0.4486151950420057,-0.1370832008732894,-0.09208167777830777,-0.7499713615339993
minimax-m3,1.5120462144416664,-0.08043870296405424,-0.06514195205926408,0.14832017560367095,0.2785150844130624,0.13236518190076446,-0.18318039327660726,-0.1608016081219923,-0.580549662931962
qwen3.5-4b,1.8437567890975273,-0.14363927583503058,-0.2604744037963472,-0.1920342116246356,0.10530955621827448,0.343125262830023,0.11913498377574004,-0.09498842396295122,-0.6128524787184446
qwen3.8-27b,1.9878183639226017,0.023666647798391085,0.3167448669418849,0.012979576878331131,0.20451663618446614,0.046078913448222826,-0.21118218263321278,-0.03694323400665946,-0.7217934844799336
