source_policy,score_panel,dimension,task,null_mse,global_model_mse,task_model_mse,relative_mse_reduction,split_p05,split_p95,fraction_splits_improved
conservative_cohort,consensus,affective_warmth,ALL_EQUAL_TASK_WEIGHT,0.828950784796556,0.6032202155604351,0.5844815741303102,0.03109566579342391,-0.0012570679604456119,0.06072665769560106,0.94
conservative_cohort,consensus,affective_warmth,longtutor,0.7013888888888888,0.5327806550546522,0.4650561793340165,0.1270887513054133,0.07038815770989208,0.17556355991132724,1.0
conservative_cohort,consensus,affective_warmth,mathdial_hard,0.9278198653198654,0.6730985408101372,0.6883253201524863,-0.0220282789445932,-0.08269157779141421,0.02873210094864019,0.36
conservative_cohort,consensus,affective_warmth,mathdial_standard,0.8576436001809137,0.603781450816516,0.6000632229044279,0.0061812740367464866,-0.04762122960757477,0.038528948798502854,0.66
conservative_cohort,consensus,autonomy_support,ALL_EQUAL_TASK_WEIGHT,0.9141719851918857,0.698841594101541,0.667411841650427,0.04502520998653146,0.006083646771861262,0.0700140244192804,0.98
conservative_cohort,consensus,autonomy_support,longtutor,0.7027777777777777,0.5869414848405297,0.5078750330010695,0.13473925322913063,0.06494999133464407,0.18609553707187598,0.99
conservative_cohort,consensus,autonomy_support,mathdial_hard,1.0690235690235692,0.8420578921118859,0.8280345669807825,0.017017960465396515,-0.06624141688457257,0.06847446678096906,0.71
conservative_cohort,consensus,autonomy_support,mathdial_standard,0.9707146087743103,0.6675254053522073,0.6663259249694291,0.0019197280601569134,-0.054333201970520426,0.03283700319907117,0.65
conservative_cohort,consensus,cognitive_load,ALL_EQUAL_TASK_WEIGHT,0.45539798901117307,0.38334517712883953,0.3759193705451543,0.019461661027575336,-0.013511707017718843,0.04495288267109832,0.85
conservative_cohort,consensus,cognitive_load,longtutor,0.4673611111111111,0.35881185867422893,0.33691767822726276,0.06123049888049174,-0.029469032179741072,0.10340209806200984,0.9
conservative_cohort,consensus,cognitive_load,mathdial_hard,0.4465488215488216,0.40252019889922097,0.4010973305760339,0.003961315387085088,-0.0626043898275154,0.051026066178049806,0.63
conservative_cohort,consensus,cognitive_load,mathdial_standard,0.45228403437358655,0.3887034738130687,0.3897431028321662,-0.002692972235286638,-0.04948973362708912,0.029665004058053494,0.59
conservative_cohort,consensus,diagnostic_specificity,ALL_EQUAL_TASK_WEIGHT,0.9622284550870787,0.9084592432764265,0.8840584164392976,0.02695194737861396,-0.013903061379093862,0.05129431358818019,0.86
conservative_cohort,consensus,diagnostic_specificity,longtutor,1.042361111111111,0.9026311381841998,0.8251456437020933,0.08598620579994837,0.0225492243299859,0.1295921127342213,1.0
conservative_cohort,consensus,diagnostic_specificity,mathdial_hard,1.1837822671156004,1.1350946242938529,1.1631422972735428,-0.024257706758925544,-0.11594921852000842,0.021195555673351695,0.36
conservative_cohort,consensus,diagnostic_specificity,mathdial_standard,0.6605419870345243,0.6876519673512269,0.6638873083422568,0.03441875842521907,-0.00691418989461442,0.06318432841457398,0.92
conservative_cohort,consensus,elicitation,ALL_EQUAL_TASK_WEIGHT,1.4616151495608378,1.0969011292587068,1.0617700134102268,0.03206956788284959,-0.0050191592635025475,0.05917295525107773,0.88
conservative_cohort,consensus,elicitation,longtutor,1.1965277777777776,0.9376791474141116,0.8379045523252112,0.10650364447224915,0.04047549525770401,0.15308054802925877,0.99
conservative_cohort,consensus,elicitation,mathdial_hard,1.6884118967452302,1.2824495309334136,1.270117762420757,0.010030899735346108,-0.06984808082406888,0.06619785481086729,0.64
conservative_cohort,consensus,elicitation,mathdial_standard,1.4999057741595054,1.070574709428595,1.0772877254847117,-0.006213636317629882,-0.054418007382976266,0.024553334137560726,0.4
conservative_cohort,consensus,epistemic_caution,ALL_EQUAL_TASK_WEIGHT,0.2091931964755348,0.2076997795066291,0.2100162281956854,-0.011118876643804076,-0.05369855334130186,0.013755721587712006,0.34
conservative_cohort,consensus,epistemic_caution,longtutor,0.2868055555555556,0.277149920269969,0.2800890828951442,-0.01024604217640629,-0.08432508838025435,0.029200597476184965,0.5
conservative_cohort,consensus,epistemic_caution,mathdial_hard,0.13994107744107742,0.1461539361174599,0.14951670927356706,-0.023019613711195434,-0.10161979654434067,0.02487593449469343,0.33
conservative_cohort,consensus,epistemic_caution,mathdial_standard,0.20083295642997137,0.19979548213245835,0.20044289241834498,-0.0032358060326298454,-0.050198274199952174,0.027747780358690362,0.53
conservative_cohort,consensus,help_directness,ALL_EQUAL_TASK_WEIGHT,0.8853128088513661,0.6724629485705672,0.6707180995785211,0.0026127122023436966,-0.0296349332603421,0.030293984935475048,0.61
conservative_cohort,consensus,help_directness,longtutor,0.5993055555555555,0.47042773217892125,0.4451337050263479,0.05377210351933233,-0.03630050565886732,0.10003205291962598,0.9
conservative_cohort,consensus,help_directness,mathdial_hard,0.9926346801346803,0.7851062104426595,0.8016017742498187,-0.02062905390210211,-0.09077922996296275,0.02815789910665934,0.35
conservative_cohort,consensus,help_directness,mathdial_standard,1.0639981908638625,0.7618549030901209,0.7654188194593968,-0.004676721158126896,-0.044961853395158825,0.025520067945890346,0.48
conservative_cohort,consensus,personalization,ALL_EQUAL_TASK_WEIGHT,0.5883449963984789,0.5367225917377788,0.4795220188386255,0.1067774386116385,0.05855515963500418,0.13659806259415794,1.0
conservative_cohort,consensus,personalization,longtutor,1.4923611111111108,1.266479460198153,1.1693539826415518,0.07696964970099535,0.0030884424097411558,0.1142440366681746,0.95
conservative_cohort,consensus,personalization,mathdial_hard,0.1517255892255892,0.1967228809430737,0.15446078225784649,0.21412536829290046,0.13154089121067872,0.26561608823456184,1.0
conservative_cohort,consensus,personalization,mathdial_standard,0.1209482888587366,0.14696543407210957,0.11475129161647826,0.21861801560956867,0.15888134613471394,0.2592197858764114,1.0
conservative_cohort,without_MiniMax-M3,affective_warmth,ALL_EQUAL_TASK_WEIGHT,0.9062082876163515,0.6366026766441715,0.6082278506784976,0.04461272716001702,0.00903557626234945,0.07062924704132167,0.97
conservative_cohort,without_MiniMax-M3,affective_warmth,longtutor,0.7470486111111111,0.5495641323310554,0.4608388464817942,0.161462826750432,0.09861362004944162,0.19549617027922522,1.0
conservative_cohort,without_MiniMax-M3,affective_warmth,mathdial_hard,0.9830246913580248,0.6986840004858327,0.7108495101149707,-0.017035907618122733,-0.0952033466086415,0.03272227272991331,0.36
conservative_cohort,without_MiniMax-M3,affective_warmth,mathdial_standard,0.9885515603799188,0.6615598971156266,0.6529951954387281,0.012996202143611331,-0.02693219558708526,0.04481877594309267,0.77
conservative_cohort,without_MiniMax-M3,autonomy_support,ALL_EQUAL_TASK_WEIGHT,0.8453897302907462,0.6530394261054133,0.6419248002067737,0.017100732434158123,-0.023977059249101894,0.04725950366101858,0.82
conservative_cohort,without_MiniMax-M3,autonomy_support,longtutor,0.6598958333333332,0.5389049728329375,0.49727806138708464,0.07721571119967713,9.706873842685408e-06,0.12852327086184695,0.95
conservative_cohort,without_MiniMax-M3,autonomy_support,mathdial_hard,0.986409231200898,0.7758558600682508,0.7773937330175988,-0.0014661710936505624,-0.09810811361045049,0.051338467747976985,0.52
conservative_cohort,without_MiniMax-M3,autonomy_support,mathdial_standard,0.8898641263380069,0.6443574454150517,0.6511026062156376,-0.010320148230820534,-0.07345870247875577,0.019350078151763973,0.44
conservative_cohort,without_MiniMax-M3,cognitive_load,ALL_EQUAL_TASK_WEIGHT,0.4596963362899308,0.3832018229127352,0.3806590370588725,0.006685577402262428,-0.029992497409897113,0.03326087039232765,0.65
conservative_cohort,without_MiniMax-M3,cognitive_load,longtutor,0.5026041666666666,0.38682004252163016,0.3736310999464654,0.03444067228926297,-0.04287447689945838,0.0786257686853598,0.81
conservative_cohort,without_MiniMax-M3,cognitive_load,mathdial_hard,0.4467066498316498,0.40318911132124463,0.40795337102583784,-0.011511360109135164,-0.07954073873258832,0.03646564499723815,0.43
conservative_cohort,without_MiniMax-M3,cognitive_load,mathdial_standard,0.429778192371476,0.3595963148953308,0.3603926402043143,-0.0022939591119716185,-0.059389787118566385,0.03694869859729649,0.53
conservative_cohort,without_MiniMax-M3,diagnostic_specificity,ALL_EQUAL_TASK_WEIGHT,0.9872178372307933,0.9268362702182631,0.919661889564781,0.007836961776847375,-0.040873164408665785,0.03553155464605147,0.72
conservative_cohort,without_MiniMax-M3,diagnostic_specificity,longtutor,1.1609375,1.0155395768070539,0.9714149216923116,0.043671056155418074,-0.023038920674540296,0.084165717827414,0.9
conservative_cohort,without_MiniMax-M3,diagnostic_specificity,mathdial_hard,1.1687008978675646,1.1196117594159416,1.162801102761047,-0.038003453331967994,-0.14480239020620522,0.010692036942215979,0.21
conservative_cohort,without_MiniMax-M3,diagnostic_specificity,mathdial_standard,0.6320151138248152,0.6453574744317939,0.6247696442409846,0.031722130052387575,-0.01308549967514756,0.06579743946714837,0.89
conservative_cohort,without_MiniMax-M3,elicitation,ALL_EQUAL_TASK_WEIGHT,1.3828275674098642,1.04017489098532,1.009010397108701,0.030001293837678085,-0.009407239085632258,0.05668916919090163,0.91
conservative_cohort,without_MiniMax-M3,elicitation,longtutor,1.1395833333333332,0.8867086255340025,0.7970770226504446,0.10117706369170369,0.029446643755825504,0.1476752357306292,0.98
conservative_cohort,without_MiniMax-M3,elicitation,mathdial_hard,1.5705843153759822,1.20994068031627,1.2007799490789295,0.007981899239155056,-0.08444963109761731,0.06308301915010263,0.61
conservative_cohort,without_MiniMax-M3,elicitation,mathdial_standard,1.4383150535202773,1.0238753671056868,1.0291742195967288,-0.005134432638302161,-0.05209323171666667,0.02450485617508484,0.45
conservative_cohort,without_MiniMax-M3,epistemic_caution,ALL_EQUAL_TASK_WEIGHT,0.23699747963325904,0.23073177611814166,0.23381155234005363,-0.013277894977022538,-0.05277176690927936,0.01567670352006142,0.25
conservative_cohort,without_MiniMax-M3,epistemic_caution,longtutor,0.3486111111111111,0.3302129778567467,0.3347873334159543,-0.013438216164135324,-0.07298560488389229,0.030263781562517987,0.42
conservative_cohort,without_MiniMax-M3,epistemic_caution,mathdial_hard,0.15318111672278337,0.15783261149946734,0.1606951244964847,-0.017835292953354995,-0.09900185897768084,0.034583561170614986,0.38
conservative_cohort,without_MiniMax-M3,epistemic_caution,mathdial_standard,0.20920021106588269,0.20414973899821096,0.2059521991077218,-0.008877452965418422,-0.06061836163477826,0.023743967620958224,0.39
conservative_cohort,without_MiniMax-M3,help_directness,ALL_EQUAL_TASK_WEIGHT,0.928321469602046,0.7007841998136035,0.6975963046989672,0.004582216810902931,-0.03195789724717911,0.031388166760663895,0.68
conservative_cohort,without_MiniMax-M3,help_directness,longtutor,0.6512152777777779,0.4796221555476696,0.45618482669828625,0.04889045901579388,-0.02742650250432513,0.09454664161401391,0.87
conservative_cohort,without_MiniMax-M3,help_directness,mathdial_hard,1.054415684624018,0.8379365776438226,0.8470852130725285,-0.010605528451797514,-0.08570489731627523,0.03535033395847025,0.46
conservative_cohort,without_MiniMax-M3,help_directness,mathdial_standard,1.0793334464043418,0.7847938662493186,0.7895188743260868,-0.00600613317015394,-0.052415922517216995,0.023584246540540265,0.47
conservative_cohort,without_MiniMax-M3,personalization,ALL_EQUAL_TASK_WEIGHT,0.6263088405475429,0.5615121852136625,0.5070391953597744,0.09730042165002381,0.04225625897349509,0.12757798980245894,0.99
conservative_cohort,without_MiniMax-M3,personalization,longtutor,1.5901041666666669,1.3389022124174124,1.250064329616341,0.06673888053570591,-0.003058947368367281,0.10784832013768052,0.93
conservative_cohort,without_MiniMax-M3,personalization,mathdial_hard,0.19442690796857462,0.22483072587427658,0.1868898809056438,0.16817430930191232,0.10715893504855119,0.22079855343190222,1.0
conservative_cohort,without_MiniMax-M3,personalization,mathdial_standard,0.0943954470073873,0.12080361734929852,0.0841633755573382,0.3023801342032794,0.24483368552883722,0.35872585516925076,1.0
conservative_cohort,without_deepseek-v4-pro,affective_warmth,ALL_EQUAL_TASK_WEIGHT,0.6730664246807488,0.47066936730399933,0.44816366835501253,0.04788515488302738,0.01992457788403914,0.0762181043412177,0.97
conservative_cohort,without_deepseek-v4-pro,affective_warmth,longtutor,0.5647569444444445,0.4051395122319714,0.33790526868135834,0.1659446930148013,0.11440972195274073,0.20487986808625158,1.0
conservative_cohort,without_deepseek-v4-pro,affective_warmth,mathdial_hard,0.767922278338945,0.556415785739366,0.5604163411898382,-0.006655975495175856,-0.09313385297202918,0.04251849273950197,0.49
conservative_cohort,without_deepseek-v4-pro,affective_warmth,mathdial_standard,0.6865200512588572,0.4504528039406604,0.4461693951938412,0.009574940067191826,-0.04198631379299269,0.0428445723448085,0.74
conservative_cohort,without_deepseek-v4-pro,autonomy_support,ALL_EQUAL_TASK_WEIGHT,0.8038205175720724,0.597093020002339,0.5688366864158274,0.047354339112404394,0.006891351039276501,0.07397671262246756,0.95
conservative_cohort,without_deepseek-v4-pro,autonomy_support,longtutor,0.5887152777777778,0.46867096687526827,0.39841236870825164,0.1498803115567315,0.0837691321008943,0.1983576322145068,1.0
conservative_cohort,without_deepseek-v4-pro,autonomy_support,mathdial_hard,0.9626999158249159,0.745254469992246,0.7343024796896809,0.015082761906530982,-0.07801014948486047,0.06728670795115393,0.73
conservative_cohort,without_deepseek-v4-pro,autonomy_support,mathdial_standard,0.8600463591135233,0.5773536231395028,0.5737952108495495,0.006190813243625161,-0.045227444947423166,0.04124407274705145,0.68
conservative_cohort,without_deepseek-v4-pro,cognitive_load,ALL_EQUAL_TASK_WEIGHT,0.3546468083962902,0.2959708241565514,0.28822343884971513,0.026232151293035945,-0.01329590571945981,0.05404414498933721,0.89
conservative_cohort,without_deepseek-v4-pro,cognitive_load,longtutor,0.36475694444444445,0.27697298836358875,0.2538737197619883,0.08358054542208636,0.009873785719399078,0.12952514609124544,0.95
conservative_cohort,without_deepseek-v4-pro,cognitive_load,mathdial_hard,0.3577090347923682,0.3171701839394886,0.3180704437447525,-0.0024721460418664467,-0.07122959209317793,0.04484878082039575,0.56
conservative_cohort,without_deepseek-v4-pro,cognitive_load,mathdial_standard,0.34147444595205784,0.2937693001665769,0.2927261530424046,0.0035240119802112824,-0.050901635949551896,0.03763373585854676,0.68
conservative_cohort,without_deepseek-v4-pro,diagnostic_specificity,ALL_EQUAL_TASK_WEIGHT,0.7023287480247471,0.6643764129908339,0.6513407704131774,0.019675042546179716,-0.023485545197674585,0.04195101286180397,0.86
conservative_cohort,without_deepseek-v4-pro,diagnostic_specificity,longtutor,0.7387152777777779,0.6388679681646393,0.5890597181145089,0.07806113767980272,0.028678314197727,0.121226827532562,0.99
conservative_cohort,without_deepseek-v4-pro,diagnostic_specificity,mathdial_hard,0.8481867283950616,0.8185944925808496,0.842500988292689,-0.028785620528617183,-0.1129382976285019,0.01435986687522403,0.23
conservative_cohort,without_deepseek-v4-pro,diagnostic_specificity,mathdial_standard,0.520084237901402,0.5356667782270131,0.5224616048323344,0.02450054244585412,-0.024739810025162658,0.05282294080820225,0.89
conservative_cohort,without_deepseek-v4-pro,elicitation,ALL_EQUAL_TASK_WEIGHT,1.290561353934592,0.9812912519111228,0.9372420915942604,0.04493792139706709,0.007248740785281887,0.07120434007333541,0.97
conservative_cohort,without_deepseek-v4-pro,elicitation,longtutor,0.9074652777777777,0.7472689057397919,0.6330126541630728,0.15298913105755113,0.0748164322715805,0.2002842272120425,1.0
conservative_cohort,without_deepseek-v4-pro,elicitation,mathdial_hard,1.5648849607182942,1.2172936556736091,1.204917108739939,0.010603175989682065,-0.07227496947388794,0.06280277499225827,0.67
conservative_cohort,without_deepseek-v4-pro,elicitation,mathdial_standard,1.399333823307704,0.9793111943199674,0.9737965118797693,0.0056814480572511036,-0.046738686594704835,0.03584771643861061,0.7
conservative_cohort,without_deepseek-v4-pro,epistemic_caution,ALL_EQUAL_TASK_WEIGHT,0.14612678575416968,0.14450460899981316,0.14416170779582876,0.0024379126294768773,-0.028830501930509542,0.027718775830786076,0.57
conservative_cohort,without_deepseek-v4-pro,epistemic_caution,longtutor,0.1762152777777778,0.16846751501287052,0.166195337216167,0.013769238128540912,-0.045159612794775414,0.06054350947034826,0.73
conservative_cohort,without_deepseek-v4-pro,epistemic_caution,mathdial_hard,0.10662177328843997,0.11062238301712636,0.11233424426357091,-0.015306947230453838,-0.09204880115098597,0.034768744923995995,0.41
conservative_cohort,without_deepseek-v4-pro,epistemic_caution,mathdial_standard,0.15554330619629128,0.15442392896944257,0.15395554190774835,0.0031644689830826957,-0.05202170705253488,0.03242335983512663,0.64
conservative_cohort,without_deepseek-v4-pro,help_directness,ALL_EQUAL_TASK_WEIGHT,0.7994829095264419,0.598659432519435,0.5950862607907942,0.006003172789043053,-0.0235058144856643,0.02924691258421085,0.63
conservative_cohort,without_deepseek-v4-pro,help_directness,longtutor,0.5638888888888889,0.42458005758923917,0.40207031651133734,0.05293072591049456,-0.013551975115585944,0.10311015454366014,0.9
conservative_cohort,without_deepseek-v4-pro,help_directness,mathdial_hard,0.9155092592592594,0.7172100665426544,0.7268894609825216,-0.013088432153936376,-0.0885692014735723,0.0339118573823693,0.44
conservative_cohort,without_deepseek-v4-pro,help_directness,mathdial_standard,0.9190505804311775,0.6541881734264117,0.6562990048785237,-0.003216666870015511,-0.04384498866688058,0.026638066417980322,0.52
conservative_cohort,without_deepseek-v4-pro,personalization,ALL_EQUAL_TASK_WEIGHT,0.4644481803245277,0.41523429322839933,0.35911701543427677,0.13533175137461498,0.08944986741279087,0.163303696652901,1.0
conservative_cohort,without_deepseek-v4-pro,personalization,longtutor,1.1772569444444445,0.9755431699358327,0.876058001366898,0.10224461111316302,0.039889453520151094,0.13922911383875863,0.99
conservative_cohort,without_deepseek-v4-pro,personalization,mathdial_hard,0.12664842873176207,0.16246017934304477,0.12219340217442308,0.24722429979212523,0.17204632697922317,0.3056717795214303,1.0
conservative_cohort,without_deepseek-v4-pro,personalization,mathdial_standard,0.08943916779737675,0.10769953040632045,0.07909964276150905,0.26494106615208185,0.22133396846237852,0.30848619861006865,1.0
conservative_cohort,without_glm-5.2,affective_warmth,ALL_EQUAL_TASK_WEIGHT,0.8826307749970685,0.6344675857617996,0.5957396858253553,0.061085270381869436,0.025839450183266246,0.08595726136089644,1.0
conservative_cohort,without_glm-5.2,affective_warmth,longtutor,0.7711805555555555,0.6011135261828598,0.49400900875925413,0.17821280102800646,0.12989062368306242,0.2138011398395802,1.0
conservative_cohort,without_glm-5.2,affective_warmth,mathdial_hard,0.9379208754208754,0.6700230944997944,0.6762760951853647,-0.008815608369537136,-0.09158840258149323,0.047412958399201545,0.47
conservative_cohort,without_glm-5.2,affective_warmth,mathdial_standard,0.9387908940147746,0.6322661366027446,0.616933953531447,0.024243140416563967,-0.022579526485985178,0.057175098326901194,0.84
conservative_cohort,without_glm-5.2,autonomy_support,ALL_EQUAL_TASK_WEIGHT,0.9003633453104847,0.7061800229187395,0.6875225968118011,0.026482669609764566,-0.00738622458467395,0.05297911706841074,0.88
conservative_cohort,without_glm-5.2,autonomy_support,longtutor,0.8079861111111112,0.6794722667173054,0.6236209029291911,0.08228410370827538,0.01581170614061499,0.12893499519073687,0.98
conservative_cohort,without_glm-5.2,autonomy_support,mathdial_hard,1.00368265993266,0.7978075383947545,0.7903826501573857,0.009748626262492023,-0.08005752866604923,0.06402953473237537,0.65
conservative_cohort,without_glm-5.2,autonomy_support,mathdial_standard,0.8894212648876829,0.6412602636441583,0.6485642373488264,-0.011253739098534056,-0.07580406909301632,0.019309370125399038,0.42
conservative_cohort,without_glm-5.2,cognitive_load,ALL_EQUAL_TASK_WEIGHT,0.4545694472363212,0.3811887828438996,0.3717485498872097,0.024794205648731776,-0.010263280017773723,0.05329601199518611,0.87
conservative_cohort,without_glm-5.2,cognitive_load,longtutor,0.5277777777777778,0.4122052778518976,0.38549201084846296,0.06505899916821198,-0.013111358235989789,0.10855749978827815,0.92
conservative_cohort,without_glm-5.2,cognitive_load,mathdial_hard,0.4128612514029182,0.3681024580245091,0.3652883473433616,0.007913941878192145,-0.06632787480830041,0.05916399041324296,0.62
conservative_cohort,without_glm-5.2,cognitive_load,mathdial_standard,0.42306931252826774,0.3632586126552922,0.36446529146980444,-0.0033853247942180597,-0.05024649873147565,0.03279492292491891,0.5
conservative_cohort,without_glm-5.2,diagnostic_specificity,ALL_EQUAL_TASK_WEIGHT,0.9625739498355586,0.9118470707188878,0.8966489319083741,0.01677588941448102,-0.022396033633697774,0.04227374094673436,0.77
conservative_cohort,without_glm-5.2,diagnostic_specificity,longtutor,1.1829861111111113,1.0509626487974366,0.9892074845456175,0.05898962557903376,-0.0007261675991037534,0.0951563073725041,0.94
conservative_cohort,without_glm-5.2,diagnostic_specificity,mathdial_hard,1.0721976711560046,1.0488574441732532,1.0756773004641331,-0.02501464534843494,-0.0993815708598567,0.02477582640834133,0.35
conservative_cohort,without_glm-5.2,diagnostic_specificity,mathdial_standard,0.6325380672395596,0.6357211191859734,0.6250620107153718,0.0165883064103423,-0.031578853146485064,0.05239748998402047,0.76
conservative_cohort,without_glm-5.2,elicitation,ALL_EQUAL_TASK_WEIGHT,1.4456842732884398,1.0811774293794718,1.043633135364572,0.03478981660264609,-0.003985219213557589,0.0617550981310767,0.93
conservative_cohort,without_glm-5.2,elicitation,longtutor,1.2550347222222225,0.9729143401118873,0.872673005322666,0.10318244894607696,0.03730642533794636,0.14885148648516933,0.98
conservative_cohort,without_glm-5.2,elicitation,mathdial_hard,1.6053766835016836,1.2319678478886893,1.2121388700301814,0.016540656647347073,-0.06998254259180575,0.06970498695476691,0.69
conservative_cohort,without_glm-5.2,elicitation,mathdial_standard,1.4766414141414144,1.038650100137839,1.0460875307408692,-0.00708841662209633,-0.06828167629032911,0.023232883408419773,0.43
conservative_cohort,without_glm-5.2,epistemic_caution,ALL_EQUAL_TASK_WEIGHT,0.19385608259209003,0.19244896772718645,0.19468542952033535,-0.011559467267316373,-0.04779582998538963,0.018215987639861313,0.3
conservative_cohort,without_glm-5.2,epistemic_caution,longtutor,0.30225694444444445,0.29315972172388294,0.29803620394244096,-0.016256640030081888,-0.08910220428307397,0.029939487048634934,0.37
conservative_cohort,without_glm-5.2,epistemic_caution,mathdial_hard,0.11726641414141416,0.1239552309410588,0.12482545669721432,-0.006880085097564195,-0.08719462693811109,0.04371952495650294,0.48
conservative_cohort,without_glm-5.2,epistemic_caution,mathdial_standard,0.16204488919041157,0.16023195051661754,0.16119462792135075,-0.006060129194629627,-0.051707089879448,0.026782407215440472,0.45
conservative_cohort,without_glm-5.2,help_directness,ALL_EQUAL_TASK_WEIGHT,0.9212986606669236,0.6936527572363446,0.6876869232038351,0.008644615910175317,-0.030454952928346303,0.03371915665993107,0.72
conservative_cohort,without_glm-5.2,help_directness,longtutor,0.6661458333333334,0.5083735873000996,0.4769604420454045,0.06189398375852534,-0.009082192055017623,0.11100044343263497,0.92
conservative_cohort,without_glm-5.2,help_directness,mathdial_hard,1.0717767957351292,0.8556062583222145,0.8673364069593422,-0.013364040992753203,-0.08652877980188725,0.0353085976321535,0.42
conservative_cohort,without_glm-5.2,help_directness,mathdial_standard,1.0259733529323085,0.7169784260867195,0.7187639206067585,-0.0024958280095880437,-0.05011946305242765,0.026835497071296656,0.58
conservative_cohort,without_glm-5.2,personalization,ALL_EQUAL_TASK_WEIGHT,0.6716054791977263,0.6018667465499359,0.5507319443552005,0.08517063451735471,0.03336981764522899,0.11485744304209106,0.98
conservative_cohort,without_glm-5.2,personalization,longtutor,1.6104166666666666,1.3703148465359243,1.288514341025074,0.06002131966991689,-0.005178780233602773,0.09780148405666919,0.93
conservative_cohort,without_glm-5.2,personalization,mathdial_hard,0.25377034231200896,0.2811870712109078,0.23594703245747095,0.16053609134825866,0.0850102716392445,0.2169348784863674,1.0
conservative_cohort,without_glm-5.2,personalization,mathdial_standard,0.15062942861450326,0.15409832190297545,0.12773445958305638,0.17044482529460925,0.1211308986429529,0.22069186796166856,1.0
exclude,consensus,affective_warmth,ALL_EQUAL_TASK_WEIGHT,0.8298742634680135,0.6005165981068611,0.583680015661051,0.02806879598118893,-0.004296582261869786,0.060252460340190474,0.92
exclude,consensus,affective_warmth,longtutor,0.7013888888888888,0.530706133587071,0.4650561793340165,0.12367232832188231,0.0684744693443618,0.1725962584037991,1.0
exclude,consensus,affective_warmth,mathdial_hard,0.9283854166666667,0.6677761089738234,0.6874308814601368,-0.02878551910471569,-0.09715318891852352,0.021717712121696438,0.32
exclude,consensus,affective_warmth,mathdial_standard,0.859848484848485,0.6030675517596885,0.5985529861889998,0.007499767195808176,-0.046119242972599485,0.04042993084521344,0.72
exclude,consensus,autonomy_support,ALL_EQUAL_TASK_WEIGHT,0.9129778689674524,0.692697876900436,0.6616097299659295,0.044942649620289925,0.004673763217999855,0.07110377234832854,0.95
exclude,consensus,autonomy_support,longtutor,0.7027777777777777,0.5896751090003548,0.5078750330010695,0.1387462264696707,0.06840372937125813,0.18974616895622926,1.0
exclude,consensus,autonomy_support,mathdial_hard,1.0681423611111114,0.8268161079407208,0.8143064627802238,0.01558412817024101,-0.06840515123965232,0.0740443655115527,0.69
exclude,consensus,autonomy_support,mathdial_standard,0.9680134680134681,0.6616024137602325,0.6626476941164949,-0.0014394137556215868,-0.059819469968303896,0.03174388663420685,0.58
exclude,consensus,cognitive_load,ALL_EQUAL_TASK_WEIGHT,0.45761609147025817,0.38451700375892073,0.37753590375840645,0.01825290160034617,-0.015392997246161999,0.04578876881768159,0.82
exclude,consensus,cognitive_load,longtutor,0.4673611111111111,0.3583513401463829,0.33691767822726276,0.06001780222259448,-0.030901192604735884,0.10142139474686791,0.9
exclude,consensus,cognitive_load,mathdial_hard,0.45052083333333337,0.40402569396167165,0.4035465240766912,0.00166781417931953,-0.06770808171584404,0.05149343577198357,0.61
exclude,consensus,cognitive_load,mathdial_standard,0.4549663299663299,0.3911739771687077,0.39214350897126526,-0.002499624732266208,-0.051768945107094455,0.03206734481843173,0.61
exclude,consensus,diagnostic_specificity,ALL_EQUAL_TASK_WEIGHT,0.9725370019640854,0.9180077179335753,0.8950720950524615,0.025083315060217812,-0.016165791169692054,0.05007571201856577,0.84
exclude,consensus,diagnostic_specificity,longtutor,1.042361111111111,0.9023337345421409,0.8251456437020933,0.08567413580288342,0.022407459143774316,0.12920693842966316,0.99
exclude,consensus,diagnostic_specificity,mathdial_hard,1.2142650462962965,1.163580942069141,1.1950822634020961,-0.02659482305922894,-0.12115447675376462,0.019856534909838075,0.33
exclude,consensus,diagnostic_specificity,mathdial_standard,0.6609848484848484,0.6881084771894439,0.6649883780531951,0.03346546026954421,-0.007427080049538515,0.06383370966047798,0.89
exclude,consensus,elicitation,ALL_EQUAL_TASK_WEIGHT,1.4604657687991023,1.0926879310779207,1.0574079758386197,0.03233939539677708,-0.01073203245011114,0.05950725362588019,0.88
exclude,consensus,elicitation,longtutor,1.1965277777777776,0.940138748169334,0.8379045523252112,0.10884110293728201,0.041622080184267087,0.1556732077635734,0.99
exclude,consensus,elicitation,mathdial_hard,1.6956018518518519,1.2747794446266463,1.2625980875948681,0.010049729767667439,-0.0736767887855727,0.07010056025265149,0.65
exclude,consensus,elicitation,mathdial_standard,1.4892676767676767,1.0631456004377817,1.0717212875957793,-0.008000047800384588,-0.05570893093751807,0.024774247638585954,0.35
exclude,consensus,epistemic_caution,ALL_EQUAL_TASK_WEIGHT,0.20560816498316503,0.20376153381941672,0.2060371534610876,-0.011131714442797959,-0.051988213977111675,0.014177313808978478,0.39
exclude,consensus,epistemic_caution,longtutor,0.2868055555555556,0.27757422161767886,0.2800890828951442,-0.008700589381754277,-0.07921964939753193,0.0317064066268022,0.53
exclude,consensus,epistemic_caution,mathdial_hard,0.13368055555555558,0.13874890709888904,0.1423745865736418,-0.026091184816316428,-0.10667287348677866,0.027857846914908387,0.28
exclude,consensus,epistemic_caution,mathdial_standard,0.19633838383838384,0.19496147274168238,0.19564779091447676,-0.0035253118907015678,-0.05400502852897465,0.02848563739943027,0.52
exclude,consensus,help_directness,ALL_EQUAL_TASK_WEIGHT,0.8841294893378228,0.6675397734301337,0.6652791215989053,0.0034053920984873864,-0.02992880419588717,0.03206552168718569,0.62
exclude,consensus,help_directness,longtutor,0.5993055555555555,0.47281509662372,0.4451337050263479,0.05854997173630143,-0.02998264486650216,0.10388312932572348,0.91
exclude,consensus,help_directness,mathdial_hard,0.9878472222222224,0.7708223126631684,0.7868844851245548,-0.020421614999629852,-0.09784193150525636,0.03386143948942244,0.36
exclude,consensus,help_directness,mathdial_standard,1.0652356902356903,0.758981911003513,0.7638191746458134,-0.006374348293662422,-0.046315439959742154,0.02377273519075324,0.45
exclude,consensus,personalization,ALL_EQUAL_TASK_WEIGHT,0.5877840909090909,0.5355385379974945,0.47929229295599607,0.10522834735749768,0.05526266289757857,0.13571490509910628,1.0
exclude,consensus,personalization,longtutor,1.4923611111111108,1.2651660512970897,1.1693539826415518,0.07600949708433857,0.001468288689251042,0.113676820972057,0.95
exclude,consensus,personalization,mathdial_hard,0.15104166666666663,0.19518178130583327,0.1546142618221012,0.20712301774851824,0.11797125695779297,0.26108846132048874,1.0
exclude,consensus,personalization,mathdial_standard,0.11994949494949494,0.14626778138956031,0.11390863440433524,0.22065573596829985,0.15946288132827802,0.26077018288260595,1.0
exclude,without_MiniMax-M3,affective_warmth,ALL_EQUAL_TASK_WEIGHT,0.9077443269500561,0.6345918638448405,0.6083342985510999,0.041418780708494286,0.004580035521564546,0.06716646366472813,0.97
exclude,without_MiniMax-M3,affective_warmth,longtutor,0.7470486111111111,0.5475719683545607,0.4608388464817942,0.15840704639673572,0.09388718929891142,0.19275224149401368,1.0
exclude,without_MiniMax-M3,affective_warmth,mathdial_hard,0.9826027199074074,0.6946870124627551,0.7122554991989821,-0.024864386931510548,-0.10502030899707798,0.02559703488827452,0.31
exclude,without_MiniMax-M3,affective_warmth,mathdial_standard,0.9935816498316499,0.6615166107172057,0.6519085499725231,0.014564010731966453,-0.02936172156929302,0.046845700096964905,0.79
exclude,without_MiniMax-M3,autonomy_support,ALL_EQUAL_TASK_WEIGHT,0.8406370563271605,0.6442180329462903,0.6333987285050564,0.01689253653998777,-0.02727690781100711,0.0482031691751957,0.82
exclude,without_MiniMax-M3,autonomy_support,longtutor,0.6598958333333332,0.5413540612742694,0.49727806138708464,0.08138592526793151,0.004805372763950738,0.13374539314792755,0.96
exclude,without_MiniMax-M3,autonomy_support,mathdial_hard,0.9818070023148148,0.7576467426883514,0.7606692168932162,-0.0033546740053954803,-0.10038139384864474,0.05806609152124363,0.54
exclude,without_MiniMax-M3,autonomy_support,mathdial_standard,0.8802083333333335,0.6336532948762498,0.6422489072348684,-0.01339892983316251,-0.07991238551206269,0.01832200251929923,0.36
exclude,without_MiniMax-M3,cognitive_load,ALL_EQUAL_TASK_WEIGHT,0.46209709946689115,0.3847148156659646,0.3825639168983702,0.005644319099780801,-0.029875851577158163,0.0333578141565789,0.62
exclude,without_MiniMax-M3,cognitive_load,longtutor,0.5026041666666666,0.3865255668039989,0.3736310999464654,0.03370329994279156,-0.03748850039487619,0.07728297465893243,0.82
exclude,without_MiniMax-M3,cognitive_load,mathdial_hard,0.4516059027777778,0.40566713359446405,0.41141514607891905,-0.013814411263282693,-0.08507728630897256,0.03581236812314924,0.42
exclude,without_MiniMax-M3,cognitive_load,mathdial_standard,0.432081228956229,0.36195174659943086,0.3626455046697263,-0.0020021807938383107,-0.060257125740959705,0.03645328388502599,0.53
exclude,without_MiniMax-M3,diagnostic_specificity,ALL_EQUAL_TASK_WEIGHT,0.9960670068742985,0.9350174211544242,0.9293231551114127,0.006190004362872782,-0.04101364128646161,0.03428984291244288,0.7
exclude,without_MiniMax-M3,diagnostic_specificity,longtutor,1.1609375,1.0149839035033772,0.9714149216923116,0.043142698509973404,-0.023704785193208996,0.08385560853937264,0.89
exclude,without_MiniMax-M3,diagnostic_specificity,mathdial_hard,1.1961082175925926,1.1457113169052504,1.1919573801238736,-0.03976941276605916,-0.15214022965559804,0.009901255849672365,0.2
exclude,without_MiniMax-M3,diagnostic_specificity,mathdial_standard,0.631155303030303,0.6443570430546451,0.6245971635180527,0.030489747160381043,-0.014118392434821336,0.06421675770586112,0.88
exclude,without_MiniMax-M3,elicitation,ALL_EQUAL_TASK_WEIGHT,1.3842857831790125,1.039033223488838,1.0073663236398827,0.030527109262575118,-0.010469987125347545,0.05829758696457703,0.9
exclude,without_MiniMax-M3,elicitation,longtutor,1.1395833333333332,0.8900274962209057,0.7970770226504446,0.10452904374026374,0.034707335499470075,0.15159950082029822,0.98
exclude,without_MiniMax-M3,elicitation,mathdial_hard,1.5844545717592595,1.2110833636828735,1.2017989642786342,0.008146647887075595,-0.08689403507283776,0.06519676932387193,0.62
exclude,without_MiniMax-M3,elicitation,mathdial_standard,1.4288194444444442,1.0159888105627348,1.0232229839905689,-0.007069785506951461,-0.053716173428550715,0.02415687947693734,0.41
exclude,without_MiniMax-M3,epistemic_caution,ALL_EQUAL_TASK_WEIGHT,0.233709052328844,0.22700718772696526,0.23027766589068413,-0.014320600303818742,-0.05470045248474141,0.016434030799457065,0.26
exclude,without_MiniMax-M3,epistemic_caution,longtutor,0.3486111111111111,0.3304583833231834,0.3347873334159543,-0.012680249585738261,-0.07377170148668762,0.030768654858909443,0.42
exclude,without_MiniMax-M3,epistemic_caution,mathdial_hard,0.1492332175925926,0.15246034172794953,0.1560834234681827,-0.02333400087399555,-0.10076663194476708,0.033203665557169366,0.33
exclude,without_MiniMax-M3,epistemic_caution,mathdial_standard,0.20328282828282826,0.19810283812976287,0.19996224078791539,-0.009449939379594149,-0.06606266146050713,0.023132825472085155,0.41
exclude,without_MiniMax-M3,help_directness,ALL_EQUAL_TASK_WEIGHT,0.9301947425645342,0.6984884346829421,0.6946861180943966,0.005478773245262623,-0.031049814409168795,0.03171258767610026,0.69
exclude,without_MiniMax-M3,help_directness,longtutor,0.6512152777777779,0.48179187863521655,0.45618482669828625,0.05316985271950432,-0.02685437201231908,0.09919593214583466,0.88
exclude,without_MiniMax-M3,help_directness,mathdial_hard,1.056929976851852,0.8300584726183508,0.8389244297234575,-0.010342340523071146,-0.0844375141947538,0.038156860918072195,0.46
exclude,without_MiniMax-M3,help_directness,mathdial_standard,1.082438973063973,0.7836149527952588,0.7889490978614464,-0.006786700067987249,-0.05142839666918943,0.02377789787465795,0.46
exclude,without_MiniMax-M3,personalization,ALL_EQUAL_TASK_WEIGHT,0.6271539176487093,0.561718341822488,0.5080495659697905,0.09583188706887205,0.03913534961077646,0.1258019661279053,0.99
exclude,without_MiniMax-M3,personalization,longtutor,1.5901041666666669,1.3378790454628275,1.250064329616341,0.06602289259457644,-0.004030119766774919,0.10722182475288568,0.93
exclude,without_MiniMax-M3,personalization,mathdial_hard,0.19697627314814817,0.2266317699998466,0.18998575232729162,0.16113547644206533,0.09492685202578124,0.2168259512248586,1.0
exclude,without_MiniMax-M3,personalization,mathdial_standard,0.09438131313131315,0.12064421000478978,0.08409861596573874,0.30203419682998467,0.24524062662245594,0.3559259899367099,1.0
exclude,without_deepseek-v4-pro,affective_warmth,ALL_EQUAL_TASK_WEIGHT,0.6748391028338945,0.4688507048249815,0.4478189675428472,0.04492513403954282,0.014796945254574695,0.07403760137065224,0.97
exclude,without_deepseek-v4-pro,affective_warmth,longtutor,0.5647569444444445,0.40372544851183706,0.33790526868135834,0.16301601881554834,0.11085631401362102,0.20257735394193638,1.0
exclude,without_deepseek-v4-pro,affective_warmth,mathdial_hard,0.7716290509259259,0.5549424252374825,0.5624130987124569,-0.012910119838065977,-0.0987472360483128,0.03459387593629085,0.44
exclude,without_deepseek-v4-pro,affective_warmth,mathdial_standard,0.688131313131313,0.44788424072562494,0.44313853523472646,0.010653676987817275,-0.03951987563188475,0.04347490183721938,0.75
exclude,without_deepseek-v4-pro,autonomy_support,ALL_EQUAL_TASK_WEIGHT,0.8048736058501683,0.5931371972806474,0.5649905893699411,0.04749524055255688,-0.0037615103436876123,0.07466009721990441,0.94
exclude,without_deepseek-v4-pro,autonomy_support,longtutor,0.5887152777777778,0.47110928117712825,0.39841236870825164,0.1542810967530928,0.0884302605790026,0.2012866619553365,1.0
exclude,without_deepseek-v4-pro,autonomy_support,mathdial_hard,0.9666883680555556,0.735161802368728,0.7252811652190406,0.013910807802999171,-0.09170715860113578,0.06950408306311726,0.7
exclude,without_deepseek-v4-pro,autonomy_support,mathdial_standard,0.8592171717171716,0.5731405082960859,0.5712782341825308,0.0032860742986459855,-0.050185315949801704,0.040935249623477804,0.66
exclude,without_deepseek-v4-pro,cognitive_load,ALL_EQUAL_TASK_WEIGHT,0.3563837156285073,0.29683709502398864,0.28977649312101283,0.023843553445305574,-0.014073432000922615,0.052623609819872304,0.89
exclude,without_deepseek-v4-pro,cognitive_load,longtutor,0.36475694444444445,0.27626184719081515,0.2538737197619883,0.08120969256495199,0.011645212041378769,0.1272461932137955,0.95
exclude,without_deepseek-v4-pro,cognitive_load,mathdial_hard,0.3607494212962964,0.3185090423968692,0.3207210361118943,-0.006526962461240122,-0.07509729125826745,0.04206768379056287,0.54
exclude,without_deepseek-v4-pro,cognitive_load,mathdial_standard,0.3436447811447811,0.29574039548428155,0.2947347234891559,0.0033731392719734323,-0.05412284692858593,0.0396984266030808,0.65
exclude,without_deepseek-v4-pro,diagnostic_specificity,ALL_EQUAL_TASK_WEIGHT,0.7094995089786756,0.6706518940550151,0.6588138780573038,0.01771024664519161,-0.024373303298869553,0.04042467186247524,0.83
exclude,without_deepseek-v4-pro,diagnostic_specificity,longtutor,0.7387152777777779,0.6382624181804086,0.5890597181145089,0.07717542710730249,0.02569263556223378,0.12120379282897766,0.99
exclude,without_deepseek-v4-pro,diagnostic_specificity,mathdial_hard,0.869212962962963,0.8374934363883924,0.8639342681098671,-0.031127259009322335,-0.11751116177035173,0.012775552173149685,0.21
exclude,without_deepseek-v4-pro,diagnostic_specificity,mathdial_standard,0.5205702861952861,0.5361998275962445,0.5234476479475355,0.02363042403978112,-0.028897832649139477,0.05330199284302227,0.88
exclude,without_deepseek-v4-pro,elicitation,ALL_EQUAL_TASK_WEIGHT,1.291152190305836,0.9792074980594454,0.9341119765072287,0.046109354364760984,0.007796230941210448,0.07263269366277118,0.97
exclude,without_deepseek-v4-pro,elicitation,longtutor,0.9074652777777777,0.7502365496697947,0.6330126541630728,0.15634361774627564,0.07526387005832685,0.2025455277146122,1.0
exclude,without_deepseek-v4-pro,elicitation,mathdial_hard,1.5750506365740742,1.2146453208403527,1.2000462748061103,0.012517942655671951,-0.075328043092831,0.07105753311189927,0.71
exclude,without_deepseek-v4-pro,elicitation,mathdial_standard,1.3909406565656568,0.9727406236681889,0.969277000552503,0.0036183953129774347,-0.047038807380060686,0.0364222770228487,0.67
exclude,without_deepseek-v4-pro,epistemic_caution,ALL_EQUAL_TASK_WEIGHT,0.14368182695005613,0.14188384956430933,0.14158878659500684,0.0021597532802244655,-0.03115697437250817,0.029337749603551955,0.59
exclude,without_deepseek-v4-pro,epistemic_caution,longtutor,0.1762152777777778,0.16875122652005906,0.166195337216167,0.015430164456966908,-0.04489653941115838,0.06219356250390539,0.74
exclude,without_deepseek-v4-pro,epistemic_caution,mathdial_hard,0.10441984953703703,0.10784699863660449,0.10989205149298555,-0.0186742167775586,-0.08943447486494793,0.031917068638831925,0.31
exclude,without_deepseek-v4-pro,epistemic_caution,mathdial_standard,0.15041035353535354,0.14905332353626444,0.14867897107586792,0.0026491802973143165,-0.05995929258490751,0.03473041765892449,0.63
exclude,without_deepseek-v4-pro,help_directness,ALL_EQUAL_TASK_WEIGHT,0.8008989635942761,0.595847249838511,0.5915546036470016,0.007240895963496439,-0.02339308076787764,0.03232872249817596,0.64
exclude,without_deepseek-v4-pro,help_directness,longtutor,0.5638888888888889,0.4267702418194031,0.40207031651133734,0.05779840031565703,-0.008942985933924728,0.10769541552757442,0.9
exclude,without_deepseek-v4-pro,help_directness,mathdial_hard,0.9167751736111113,0.7077589118514477,0.7165811954956451,-0.012025587820756863,-0.08460906784684229,0.040342434037554054,0.5
exclude,without_deepseek-v4-pro,help_directness,mathdial_standard,0.9220328282828284,0.653012595844682,0.6560122989340222,-0.004578822703548544,-0.04973259200740778,0.026152635519639977,0.46
exclude,without_deepseek-v4-pro,personalization,ALL_EQUAL_TASK_WEIGHT,0.46443471170033673,0.4150782530768321,0.3594558006089442,0.1341891454972216,0.08847105801431905,0.16233454892868998,1.0
exclude,without_deepseek-v4-pro,personalization,longtutor,1.1772569444444445,0.9749382958511856,0.876058001366898,0.10168478483811803,0.03868204282248986,0.1389536322507085,0.99
exclude,without_deepseek-v4-pro,personalization,mathdial_hard,0.12724247685185186,0.1637293831115651,0.123902482464264,0.24263717498565218,0.16025264645296866,0.3020730138106812,1.0
exclude,without_deepseek-v4-pro,personalization,mathdial_standard,0.08880471380471383,0.10656708026774561,0.07840691799567065,0.2636630093179971,0.2211426701360183,0.3077709666309204,1.0
exclude,without_glm-5.2,affective_warmth,ALL_EQUAL_TASK_WEIGHT,0.8868399708894501,0.6344410309538372,0.5975651104422695,0.058166251767711036,0.022248964938494497,0.08187938995171584,1.0
exclude,without_glm-5.2,affective_warmth,longtutor,0.7711805555555555,0.5995543016974156,0.49400900875925413,0.17606947913189966,0.12688765032830795,0.21288032634416726,1.0
exclude,without_glm-5.2,affective_warmth,mathdial_hard,0.9454210069444444,0.670748023043501,0.6816706940115503,-0.01572851191792604,-0.10027928516484433,0.041907310797970256,0.36
exclude,without_glm-5.2,affective_warmth,mathdial_standard,0.9439183501683501,0.6330207681205952,0.6170156285560039,0.025262084844294895,-0.02459649227238748,0.060255165248229665,0.84
exclude,without_glm-5.2,autonomy_support,ALL_EQUAL_TASK_WEIGHT,0.8975817199775533,0.6984950086326305,0.6796420396231737,0.02706221048934556,-0.01074831868860786,0.054799566678894115,0.88
exclude,without_glm-5.2,autonomy_support,longtutor,0.8079861111111112,0.6821577595632031,0.6236209029291911,0.0858919796164194,0.01846441401314005,0.13236577496601015,0.98
exclude,without_glm-5.2,autonomy_support,mathdial_hard,1.0043402777777777,0.782315357821578,0.7753455274984127,0.009443504441754626,-0.09753414487274284,0.06568024015720615,0.64
exclude,without_glm-5.2,autonomy_support,mathdial_standard,0.8804187710437711,0.63101190851311,0.6399596884419174,-0.014028161889462952,-0.07962742210416704,0.018995511875090597,0.35
exclude,without_glm-5.2,cognitive_load,ALL_EQUAL_TASK_WEIGHT,0.4561368897306397,0.38178028576201983,0.3729320675937276,0.023205108683371632,-0.012240434711512826,0.05244281553647212,0.84
exclude,without_glm-5.2,cognitive_load,longtutor,0.5277777777777778,0.4116253464422456,0.38549201084846296,0.06373772042886569,-0.01214398362278366,0.10676163393202727,0.92
exclude,without_glm-5.2,cognitive_load,mathdial_hard,0.4150752314814815,0.3675996736921877,0.366070268524238,0.004466373896140852,-0.0681414875026165,0.05798486925735642,0.55
exclude,without_glm-5.2,cognitive_load,mathdial_standard,0.42555765993265987,0.3661158371516261,0.36723392340848166,-0.00311514948409798,-0.05274208530989064,0.034224941553348355,0.5
exclude,without_glm-5.2,diagnostic_specificity,ALL_EQUAL_TASK_WEIGHT,0.9715922243265994,0.9199693948691668,0.9062788614269428,0.01499306659062346,-0.023788214251983953,0.041056481897929466,0.75
exclude,without_glm-5.2,diagnostic_specificity,longtutor,1.1829861111111113,1.0503454608154221,0.9892074845456175,0.05843122399665718,-0.0005674928850701181,0.09481156936722963,0.94
exclude,without_glm-5.2,diagnostic_specificity,mathdial_hard,1.098162615740741,1.073292982460428,1.1030726407416485,-0.02717243336696447,-0.10782618577477592,0.02291363222450321,0.34
exclude,without_glm-5.2,diagnostic_specificity,mathdial_standard,0.633627946127946,0.6362697413316503,0.6265564589935623,0.015086067220855679,-0.03278659711688908,0.050833203197932726,0.72
exclude,without_glm-5.2,elicitation,ALL_EQUAL_TASK_WEIGHT,1.4450902251683502,1.0772514509534943,1.0397473291869637,0.03489127683110235,-0.00634081235944559,0.06248582426542188,0.92
exclude,without_glm-5.2,elicitation,longtutor,1.2550347222222225,0.9757015996880105,0.872673005322666,0.10574548570829082,0.0392090092874125,0.15128604678621616,0.99
exclude,without_glm-5.2,elicitation,mathdial_hard,1.6130642361111112,1.225890920164296,1.206922443552964,0.016005745433759083,-0.08400496669442968,0.07257096711600292,0.69
exclude,without_glm-5.2,elicitation,mathdial_standard,1.4671717171717171,1.030161833008176,1.0396465386852605,-0.009119090539204606,-0.07101877401811188,0.022547113052615173,0.4
exclude,without_glm-5.2,epistemic_caution,ALL_EQUAL_TASK_WEIGHT,0.18986282091750842,0.1881519010562637,0.1904985447167442,-0.01240581430347707,-0.052133945495832876,0.017858165498409385,0.31
exclude,without_glm-5.2,epistemic_caution,longtutor,0.30225694444444445,0.29339809952416823,0.29803620394244096,-0.015426552741452477,-0.08486256183326675,0.029038416937186142,0.37
exclude,without_glm-5.2,epistemic_caution,mathdial_hard,0.11187065972222224,0.1176001984481956,0.11891022463965728,-0.010963092548353285,-0.09722361663271603,0.0486454529759166,0.43
exclude,without_glm-5.2,epistemic_caution,mathdial_standard,0.1554608585858586,0.1534574051964273,0.15454920556813442,-0.007188248091356664,-0.056201538395390625,0.0292188279557391,0.44
exclude,without_glm-5.2,help_directness,ALL_EQUAL_TASK_WEIGHT,0.9196945584315377,0.6887028843335216,0.6820160504675932,0.009754072580757101,-0.03138348631632064,0.035918928546972075,0.73
exclude,without_glm-5.2,help_directness,longtutor,0.6661458333333334,0.5108903862534242,0.4769604420454045,0.06651575707251213,-0.0061122349381867325,0.11358034429877806,0.93
exclude,without_glm-5.2,help_directness,mathdial_hard,1.0663700810185188,0.841517998090403,0.8526797209540449,-0.012889483895316118,-0.08913347348137496,0.0394063893178632,0.47
exclude,without_glm-5.2,help_directness,mathdial_standard,1.026567760942761,0.7137002686567375,0.7164079884033301,-0.0037971516568557438,-0.05540307577607534,0.027779413269898162,0.57
exclude,without_glm-5.2,personalization,ALL_EQUAL_TASK_WEIGHT,0.672182765151515,0.6018096026490471,0.5517680890836021,0.08335931406721742,0.030368396757806677,0.11249581306909345,0.98
exclude,without_glm-5.2,personalization,longtutor,1.6104166666666666,1.3689483066127277,1.288514341025074,0.05907858083212119,-0.007454720282120706,0.09733032810331203,0.93
exclude,without_glm-5.2,personalization,mathdial_hard,0.2553530092592593,0.2830197060960593,0.2394226631823282,0.1537150035514121,0.06758288638976194,0.2100162956708962,1.0
exclude,without_glm-5.2,personalization,mathdial_standard,0.15077861952861954,0.15346079523835454,0.12736726304340415,0.16943081940210386,0.11997742371769096,0.22052867723108177,1.0
